Workbook

Sheet Dataset
A1: Bug_ID | B1: Project | C1: Module | D1: Severity | E1: Priority | F1: Status | G1: Assigned_To | H1: Reported_Date | I1: Resolved_Date | J1: Retest_Date | K1: Hours_Spent | L1: Bug_Count | M1: Pass_Fail | N1: Environment | O1: Comments
A2: BUG-001 | B2: Alpha | C2: Login | D2: Critical | E2: High | F2: Open | G2: Alice | H2: 45296 | J2: 45301 | K2: 8 | L2: 1 | M2: Fail | N2: QA | O2: Login button unresponsive on Chrome
A3: BUG-002 | B3: Alpha | C3: Dashboard | D3: High | E3: High | F3: Resolved | G3: Bob | H3: 45297 | I3: 45299 | J3: 45300 | K3: 5 | L3: 1 | M3: Pass | N3: QA | O3: Dashboard loads slowly
A4: BUG-003 | B4: Beta | C4: Reports | D4: Medium | E4: Medium | F4: Open | G4: Alice | H4: 45298 | J4: 45303 | K4: 3 | L4: 1 | M4: Fail | N4: Staging | O4: Export to PDF fails
A5: BUG-004 | B5: Beta | C5: Login | D5: Low | E5: Low | F5: Closed | G5: Charlie | H5: 45299 | I5: 45300 | K5: 2 | L5: 1 | M5: Pass | N5: QA | O5: Typo in error message
A6: BUG-005 | B6: Alpha | C6: Payments | D6: Critical | E6: High | F6: Resolved | G6: Bob | H6: 45300 | I6: 45302 | J6: 45303 | K6: 10 | L6: 1 | M6: Pass | N6: Production | O6: Payment gateway timeout
A7: BUG-006 | B7: Gamma | C7: Search | D7: High | E7: Medium | F7: Open | G7: Diana | H7: 45301 | J7: 45306 | K7: 4 | L7: 1 | M7: Fail | N7: QA | O7: Search returns wrong results
A8: BUG-007 | B8: Gamma | C8: Reports | D8: Medium | E8: Low | F8: Closed | G8: Charlie | H8: 45302 | I8: 45304 | K8: 3 | L8: 1 | M8: Pass | N8: Staging | O8: Report pagination broken
A9: BUG-008 | B9: Alpha | C9: Login | D9: Low | E9: Low | F9: Resolved | G9: Alice | H9: 45303 | I9: 45305 | J9: 45306 | K9: 2 | L9: 1 | M9: Pass | N9: QA | O9: Password field asterisks missing
A10: BUG-009 | B10: Beta | C10: Dashboard | D10: Critical | E10: High | F10: Open | G10: Bob | H10: 45304 | J10: 45309 | K10: 7 | L10: 1 | M10: Fail | N10: Production | O10: Crash on dashboard open
A11: BUG-010 | B11: Beta | C11: Payments | D11: High | E11: High | F11: Resolved | G11: Diana | H11: 45305 | I11: 45307 | J11: 45308 | K11: 6 | L11: 1 | M11: Pass | N11: QA | O11: Double charge on retry
A12: BUG-011 | B12: Gamma | C12: Login | D12: Medium | E12: Medium | F12: Open | G12: Alice | H12: 45306 | J12: 45311 | K12: 3 | L12: 1 | M12: Fail | N12: Staging | O12: SSO redirect broken
A13: BUG-012 | B13: Alpha | C13: Search | D13: Low | E13: Low | F13: Closed | G13: Charlie | H13: 45307 | I13: 45308 | K13: 1 | L13: 1 | M13: Pass | N13: QA | O13: Minor UI alignment
A14: BUG-013 | B14: Beta | C14: Search | D14: Critical | E14: High | F14: Resolved | G14: Bob | H14: 45308 | I14: 45310 | J14: 45311 | K14: 9 | L14: 1 | M14: Pass | N14: Production | O14: Search API returns 500
A15: BUG-014 | B15: Gamma | C15: Payments | D15: High | E15: Medium | F15: Open | G15: Diana | H15: 45309 | J15: 45314 | K15: 5 | L15: 1 | M15: Fail | N15: QA | O15: Currency conversion error
A16: BUG-015 | B16: Alpha | C16: Reports | D16: Medium | E16: Low | F16: Closed | G16: Alice | H16: 45310 | I16: 45312 | K16: 4 | L16: 1 | M16: Pass | N16: Staging | O16: Date filter not working
A17: BUG-016 | B17: Beta | C17: Login | D17: Low | E17: Low | F17: Resolved | G17: Charlie | H17: 45311 | I17: 45313 | J17: 45314 | K17: 2 | L17: 1 | M17: Pass | N17: QA | O17: Remember me checkbox bug
A18: BUG-017 | B18: Gamma | C18: Dashboard | D18: Critical | E18: High | F18: Open | G18: Bob | H18: 45312 | J18: 45317 | K18: 8 | L18: 1 | M18: Fail | N18: Production | O18: Memory leak on dashboard
A19: BUG-018 | B19: Alpha | C19: Payments | D19: High | E19: High | F19: Resolved | G19: Diana | H19: 45313 | I19: 45315 | J19: 45316 | K19: 7 | L19: 1 | M19: Pass | N19: QA | O19: Discount not applied
A20: BUG-019 | B20: Beta | C20: Reports | D20: Medium | E20: Medium | F20: Open | G20: Alice | H20: 45314 | J20: 45319 | K20: 3 | L20: 1 | M20: Fail | N20: Staging | O20: CSV export encoding issue
A21: BUG-020 | B21: Gamma | C21: Search | D21: Low | E21: Low | F21: Closed | G21: Charlie | H21: 45315 | I21: 45316 | K21: 1 | L21: 1 | M21: Pass | N21: QA | O21: Autocomplete flicker

Sheet Lookup_Logical
A1: SECTION 1 – LOOKUP Functions (OFFSET / INDIRECT)
A2: Bug_ID | B2: Module (OFFSET) | C2: Hours (INDIRECT) | D2: Severity (OFFSET+MATCH) | E2: Assigned To (INDIRECT)
A3: BUG-001 | B3: =OFFSET(Dataset!A1, 1, 2) -> Login | C3: {=INDIRECT("Dataset!K"&(ROW(A1)+1))} -> 8 | D3: =OFFSET(Dataset!$A$1,MATCH(A3,Dataset!$A:$A,0)-1,3) -> Critical | E3: {=INDIRECT("Dataset!G"&(ROW(A1)+1))} -> Alice
A4: BUG-002 | B4: =OFFSET(Dataset!A2, 1, 2) -> Dashboard | C4: {=INDIRECT("Dataset!K"&(ROW(A2)+1))} -> 5 | D4: =OFFSET(Dataset!$A$1,MATCH(A4,Dataset!$A:$A,0)-1,3) -> High | E4: {=INDIRECT("Dataset!G"&(ROW(A2)+1))} -> Bob
A5: BUG-003 | B5: =OFFSET(Dataset!A3, 1, 2) -> Reports | C5: {=INDIRECT("Dataset!K"&(ROW(A3)+1))} -> 3 | D5: =OFFSET(Dataset!$A$1,MATCH(A5,Dataset!$A:$A,0)-1,3) -> Medium | E5: {=INDIRECT("Dataset!G"&(ROW(A3)+1))} -> Alice
A6: BUG-004 | B6: =OFFSET(Dataset!A4, 1, 2) -> Login | C6: {=INDIRECT("Dataset!K"&(ROW(A4)+1))} -> 2 | D6: =OFFSET(Dataset!$A$1,MATCH(A6,Dataset!$A:$A,0)-1,3) -> Low | E6: {=INDIRECT("Dataset!G"&(ROW(A4)+1))} -> Charlie
A7: BUG-005 | B7: =OFFSET(Dataset!A5, 1, 2) -> Payments | C7: {=INDIRECT("Dataset!K"&(ROW(A5)+1))} -> 10 | D7: =OFFSET(Dataset!$A$1,MATCH(A7,Dataset!$A:$A,0)-1,3) -> Critical | E7: {=INDIRECT("Dataset!G"&(ROW(A5)+1))} -> Bob
A8: BUG-006 | B8: =OFFSET(Dataset!A6, 1, 2) -> Search | C8: {=INDIRECT("Dataset!K"&(ROW(A6)+1))} -> 4 | D8: =OFFSET(Dataset!$A$1,MATCH(A8,Dataset!$A:$A,0)-1,3) -> High | E8: {=INDIRECT("Dataset!G"&(ROW(A6)+1))} -> Diana
A9: BUG-007 | B9: =OFFSET(Dataset!A7, 1, 2) -> Reports | C9: {=INDIRECT("Dataset!K"&(ROW(A7)+1))} -> 3 | D9: =OFFSET(Dataset!$A$1,MATCH(A9,Dataset!$A:$A,0)-1,3) -> Medium | E9: {=INDIRECT("Dataset!G"&(ROW(A7)+1))} -> Charlie
A10: BUG-008 | B10: =OFFSET(Dataset!A8, 1, 2) -> Login | C10: {=INDIRECT("Dataset!K"&(ROW(A8)+1))} -> 2 | D10: =OFFSET(Dataset!$A$1,MATCH(A10,Dataset!$A:$A,0)-1,3) -> Low | E10: {=INDIRECT("Dataset!G"&(ROW(A8)+1))} -> Alice
A11: BUG-009 | B11: =OFFSET(Dataset!A9, 1, 2) -> Dashboard | C11: {=INDIRECT("Dataset!K"&(ROW(A9)+1))} -> 7 | D11: =OFFSET(Dataset!$A$1,MATCH(A11,Dataset!$A:$A,0)-1,3) -> Critical | E11: {=INDIRECT("Dataset!G"&(ROW(A9)+1))} -> Bob
A12: BUG-010 | B12: =F12=OFFSET(Dataset!A10, 1, 2) -> FALSE | C12: {=INDIRECT("Dataset!K"&(ROW(A10)+1))} -> 6 | D12: =OFFSET(Dataset!$A$1,MATCH(A12,Dataset!$A:$A,0)-1,3) -> High | E12: {=INDIRECT("Dataset!G"&(ROW(A10)+1))} -> Diana
A14: SECTION 2 – Logical Functions (IF / ISERROR)
A15: Bug_ID | B15: Status | C15: Priority_Flag (IF) | D15: Safe_Lookup (IFERROR) | E15: Hours_Category (Nested IF) | F15: Resolved? (IF+AND)
A16: BUG-002 | B16: =OFFSET(Dataset!A10, 1, 5) -> Resolved | C16: =IF(OFFSET(Dataset!A1,1,4)="High","High","Normal") -> High | D16: =IFERROR(Dataset!I2,"error") -> 0 | E16: =IF(OFFSET(Dataset!$A$1,1,10)>7,"Heavy",IF(OFFSET(Dataset!$A$1,1,10)>3,"Medium","Light")) -> Heavy
A17: BUG-003 | B17: =OFFSET(Dataset!A11, 1, 5) -> Open | C17: =IF(OFFSET(Dataset!A2,1,4)="High","High","Normal") -> High | D17: =IFERROR(Dataset!I3,"error") -> 45299 | E17: =IF(OFFSET(Dataset!$A$1,2,10)>7,"Heavy",IF(OFFSET(Dataset!$A$1,2,10)>3,"Medium","Light")) -> Medium
A18: BUG-004 | B18: =OFFSET(Dataset!A12, 1, 5) -> Closed | C18: =IF(OFFSET(Dataset!A3,1,4)="High","High","Normal") -> Normal | D18: =IFERROR(Dataset!I4,"error") -> 0 | E18: =IF(OFFSET(Dataset!$A$1,3,10)>7,"Heavy",IF(OFFSET(Dataset!$A$1,3,10)>3,"Medium","Light")) -> Light
A19: BUG-005 | B19: =OFFSET(Dataset!A13, 1, 5) -> Resolved | C19: =IF(OFFSET(Dataset!A4,1,4)="High","High","Normal") -> Normal | D19: =IFERROR(Dataset!I5,"error") -> 45300 | E19: =IF(OFFSET(Dataset!$A$1,4,10)>7,"Heavy",IF(OFFSET(Dataset!$A$1,4,10)>3,"Medium","Light")) -> Light
A20: BUG-006 | B20: =OFFSET(Dataset!A14, 1, 5) -> Open | C20: =IF(OFFSET(Dataset!A5,1,4)="High","High","Normal") -> High | D20: =IFERROR(Dataset!I6,"error") -> 45302 | E20: =IF(OFFSET(Dataset!$A$1,5,10)>7,"Heavy",IF(OFFSET(Dataset!$A$1,5,10)>3,"Medium","Light")) -> Heavy
A21: BUG-007 | B21: =OFFSET(Dataset!A15, 1, 5) -> Closed | C21: =IF(OFFSET(Dataset!A6,1,4)="High","High","Normal") -> Normal | D21: =IFERROR(Dataset!I7,"error") -> 0 | E21: =IF(OFFSET(Dataset!$A$1,6,10)>7,"Heavy",IF(OFFSET(Dataset!$A$1,6,10)>3,"Medium","Light")) -> Medium
A22: BUG-008 | B22: =OFFSET(Dataset!A16, 1, 5) -> Resolved | C22: =IF(OFFSET(Dataset!A7,1,4)="High","High","Normal") -> Normal | D22: =IFERROR(Dataset!I8,"error") -> 45304 | E22: =IF(OFFSET(Dataset!$A$1,7,10)>7,"Heavy",IF(OFFSET(Dataset!$A$1,7,10)>3,"Medium","Light")) -> Light
A23: BUG-009 | B23: =OFFSET(Dataset!A17, 1, 5) -> Open | C23: =IF(OFFSET(Dataset!A8,1,4)="High","High","Normal") -> Normal | D23: =IFERROR(Dataset!I9,"error") -> 45305 | E23: =IF(OFFSET(Dataset!$A$1,8,10)>7,"Heavy",IF(OFFSET(Dataset!$A$1,8,10)>3,"Medium","Light")) -> Light
A24: BUG-010 | B24: =OFFSET(Dataset!A18, 1, 5) -> Resolved | C24: =IF(OFFSET(Dataset!A9,1,4)="High","High","Normal") -> High | D24: =IFERROR(Dataset!I10,"error") -> 0 | E24: =IF(OFFSET(Dataset!$A$1,9,10)>7,"Heavy",IF(OFFSET(Dataset!$A$1,9,10)>3,"Medium","Light")) -> Medium
A25: BUG-011 | B25: =OFFSET(Dataset!A19, 1, 5) -> Open | C25: =IF(OFFSET(Dataset!A10,1,4)="High","High","Normal") -> High | D25: =IFERROR(Dataset!I11,"error") -> 45307 | E25: =IF(OFFSET(Dataset!$A$1,10,10)>7,"Heavy",IF(OFFSET(Dataset!$A$1,10,10)>3,"Medium","Light")) -> Medium

Sheet Charts
A1: CHART DATA – Bug Summary by Project & Severity | J1: PASS/FAIL TREND (Today marker)
A2: Week | B2: Pass | C2: Fail | D2: Total | E2: Pass% | F2: Total
A3: Alpha | B3: 1 | C3: 2 | D3: 2 | E3: 2 | F3: =SUM(B3:E3) -> 7 | J3: Wk1 | K3: 6 | L3: 4 | M3: =K3+L3 -> 10 | N3: =IFERROR(K3/M3,0) -> 0.6
A4: Beta | B4: 2 | C4: 2 | D4: 2 | E4: 1 | F4: =SUM(B4:E4) -> 7 | J4: Wk2 | K4: 8 | L4: 3 | M4: =K4+L4 -> 11 | N4: =IFERROR(K4/M4,0) -> 0.72727273
A5: Gamma | B5: 2 | C5: 2 | D5: 1 | E5: 2 | F5: =SUM(B5:E5) -> 7 | J5: Wk3 | K5: 7 | L5: 5 | M5: =K5+L5 -> 12 | N5: =IFERROR(K5/M5,0) -> 0.58333333
A6: Total | B6: =SUM(B3:B5) -> 5 | C6: =SUM(C3:C5) -> 6 | D6: =SUM(D3:D5) -> 5 | E6: =SUM(E3:E5) -> 5 | F6: =SUM(F3:F5) -> 21 | J6: Wk4 | K6: 10 | L6: 2 | M6: =K6+L6 -> 12 | N6: =IFERROR(K6/M6,0) -> 0.83333333
J7: Wk5 | K7: 9 | L7: 1 | M7: =K7+L7 -> 10 | N7: =IFERROR(K7/M7,0) -> 0.9

Sheet DateTime_Text
A1: DATE/TIME & TEXT FUNCTIONS – Bug Tracker Context
A2: Bug_ID | B2: Reported_Date | C2: Resolved_Date | D2: Days_Open (DATEDIF) | E2: Business_Days (NETWORKDAYS) | F2: Month_End (EOMONTH) | G2: Week_Num (WEEKNUM) | H2: TODAY_Ref | I2: Days_Since_Report
A3: BUG-002 | B3: =OFFSET(Dataset!A1, 2, 7) -> 45297 | C3: =IFERROR(Dataset!I3,"error") -> 45299 | D3: =IFERROR(DATEDIF(B3,C3,"D"),"Still Open") -> 2 | E3: =NETWORKDAYS(B3,C3) -> 1 | F3: =TEXT(EOMONTH(B3,0),"dd mmm yyyy") -> 31 Jan 2024 | G3: =WEEKNUM(B3,2) -> 1 | H3: =TODAY() -> 46192 | I3: =TODAY()-B3 -> 895
A4: BUG-003 | B4: =OFFSET(Dataset!A2, 2, 7) -> 45298 | C4: =IFERROR(Dataset!I4,"error") -> 0 | D4: =IFERROR(DATEDIF(B4,C4,"D"),"Still Open") -> Still Open | E4: =NETWORKDAYS(B4,C4) -> -32355 | F4: =TEXT(EOMONTH(B4,0),"dd mmm yyyy") -> 31 Jan 2024 | G4: =WEEKNUM(B4,2) -> 1 | H4: =TODAY() -> 46192 | I4: =TODAY()-B4 -> 894
A5: BUG-004 | B5: =OFFSET(Dataset!A3, 2, 7) -> 45299 | C5: =IFERROR(Dataset!I5,"error") -> 45300 | D5: =IFERROR(DATEDIF(B5,C5,"D"),"Still Open") -> 1 | E5: =NETWORKDAYS(B5,C5) -> 2 | F5: =TEXT(EOMONTH(B5,0),"dd mmm yyyy") -> 31 Jan 2024 | G5: =WEEKNUM(B5,2) -> 2 | H5: =TODAY() -> 46192 | I5: =TODAY()-B5 -> 893
A6: BUG-005 | B6: =OFFSET(Dataset!A4, 2, 7) -> 45300 | C6: =IFERROR(Dataset!I6,"error") -> 45302 | D6: =IFERROR(DATEDIF(B6,C6,"D"),"Still Open") -> 2 | E6: =NETWORKDAYS(B6,C6) -> 3 | F6: =TEXT(EOMONTH(B6,0),"dd mmm yyyy") -> 31 Jan 2024 | G6: =WEEKNUM(B6,2) -> 2 | H6: =TODAY() -> 46192 | I6: =TODAY()-B6 -> 892
A7: BUG-006 | B7: =OFFSET(Dataset!A5, 2, 7) -> 45301 | C7: =IFERROR(Dataset!I7,"error") -> 0 | D7: =IFERROR(DATEDIF(B7,C7,"D"),"Still Open") -> Still Open | E7: =NETWORKDAYS(B7,C7) -> -32358 | F7: =TEXT(EOMONTH(B7,0),"dd mmm yyyy") -> 31 Jan 2024 | G7: =WEEKNUM(B7,2) -> 2 | H7: =TODAY() -> 46192 | I7: =TODAY()-B7 -> 891
A8: BUG-007 | B8: =OFFSET(Dataset!A6, 2, 7) -> 45302 | C8: =IFERROR(Dataset!I8,"error") -> 45304 | D8: =IFERROR(DATEDIF(B8,C8,"D"),"Still Open") -> 2 | E8: =NETWORKDAYS(B8,C8) -> 2 | F8: =TEXT(EOMONTH(B8,0),"dd mmm yyyy") -> 31 Jan 2024 | G8: =WEEKNUM(B8,2) -> 2 | H8: =TODAY() -> 46192 | I8: =TODAY()-B8 -> 890
A9: BUG-008 | B9: =OFFSET(Dataset!A7, 2, 7) -> 45303 | C9: =IFERROR(Dataset!I9,"error") -> 45305 | D9: =IFERROR(DATEDIF(B9,C9,"D"),"Still Open") -> 2 | E9: =NETWORKDAYS(B9,C9) -> 1 | F9: =TEXT(EOMONTH(B9,0),"dd mmm yyyy") -> 31 Jan 2024 | G9: =WEEKNUM(B9,2) -> 2 | H9: =TODAY() -> 46192 | I9: =TODAY()-B9 -> 889
A10: BUG-009 | B10: =OFFSET(Dataset!A8, 2, 7) -> 45304 | C10: =IFERROR(Dataset!I10,"error") -> 0 | D10: =IFERROR(DATEDIF(B10,C10,"D"),"Still Open") -> Still Open | E10: =NETWORKDAYS(B10,C10) -> -32360 | F10: =TEXT(EOMONTH(B10,0),"dd mmm yyyy") -> 31 Jan 2024 | G10: =WEEKNUM(B10,2) -> 2 | H10: =TODAY() -> 46192 | I10: =TODAY()-B10 -> 888
A11: BUG-010 | B11: =OFFSET(Dataset!A9, 2, 7) -> 45305 | C11: =IFERROR(Dataset!I11,"error") -> 45307 | D11: =IFERROR(DATEDIF(B11,C11,"D"),"Still Open") -> 2 | E11: =NETWORKDAYS(B11,C11) -> 2 | F11: =TEXT(EOMONTH(B11,0),"dd mmm yyyy") -> 31 Jan 2024 | G11: =WEEKNUM(B11,2) -> 2 | H11: =TODAY() -> 46192 | I11: =TODAY()-B11 -> 887
A12: BUG-011 | B12: =OFFSET(Dataset!A10, 2, 7) -> 45306 | C12: =IFERROR(Dataset!I12,"error") -> 0 | D12: =IFERROR(DATEDIF(B12,C12,"D"),"Still Open") -> Still Open | E12: =NETWORKDAYS(B12,C12) -> -32361 | F12: =TEXT(EOMONTH(B12,0),"dd mmm yyyy") -> 31 Jan 2024 | G12: =WEEKNUM(B12,2) -> 3 | H12: =TODAY() -> 46192 | I12: =TODAY()-B12 -> 886
A14: TEXT FUNCTIONS – MID, SEARCH, LEFT, RIGHT, TRIM, UPPER, LOWER, SUBSTITUTE, CONCATENATE
A15: Bug_ID | B15: Full_Comment | C15: LEFT(10) | D15: RIGHT(6) | E15: MID(5,4) | F15: UPPER(Bug_ID) | G15: LOWER(Module) | H15: TRIM result | I15: SUBSTITUTE | J15: CONCAT Bug+Module
A16: BUG-002 | B16: =OFFSET(Dataset!A1, 2, 14) -> Dashboard loads slowly | C16: =LEFT(B16,10) -> Dashboard | D16: =RIGHT(B16,6) -> slowly | E16: =MID(B16,5,4) -> boar | F16: =UPPER(B16) -> DASHBOARD LOADS SLOWLY | G16: =LOWER(A16) -> bug-002 | H16: =TRIM(B16) -> Dashboard loads slowly | I16: =SUBSTITUTE(A16,"BUG","DEF") -> DEF-002 | J16: =_xlfn.CONCAT(A16," | ",B16) -> BUG-002 | Dashboard loads slowly
A17: BUG-003 | B17: =OFFSET(Dataset!A2, 2, 14) -> Export to PDF fails | C17: =LEFT(B17,10) -> Export to | D17: =RIGHT(B17,6) -> fails | E17: =MID(B17,5,4) -> rt t | F17: =UPPER(B17) -> EXPORT TO PDF FAILS | G17: =LOWER(A17) -> bug-003 | H17: =TRIM(B17) -> Export to PDF fails | I17: =SUBSTITUTE(A17,"BUG","DEF") -> DEF-003 | J17: =_xlfn.CONCAT(A17," | ",B17) -> BUG-003 | Export to PDF fails
A18: BUG-004 | B18: =OFFSET(Dataset!A3, 2, 14) -> Typo in error message | C18: =LEFT(B18,10) -> Typo in er | D18: =RIGHT(B18,6) -> essage | E18: =MID(B18,5,4) -> in | F18: =UPPER(B18) -> TYPO IN ERROR MESSAGE | G18: =LOWER(A18) -> bug-004 | H18: =TRIM(B18) -> Typo in error message | I18: =SUBSTITUTE(A18,"BUG","DEF") -> DEF-004 | J18: =_xlfn.CONCAT(A18," | ",B18) -> BUG-004 | Typo in error message
A19: BUG-005 | B19: =OFFSET(Dataset!A4, 2, 14) -> Payment gateway timeout | C19: =LEFT(B19,10) -> Payment ga | D19: =RIGHT(B19,6) -> imeout | E19: =MID(B19,5,4) -> ent | F19: =UPPER(B19) -> PAYMENT GATEWAY TIMEOUT | G19: =LOWER(A19) -> bug-005 | H19: =TRIM(B19) -> Payment gateway timeout | I19: =SUBSTITUTE(A19,"BUG","DEF") -> DEF-005 | J19: =_xlfn.CONCAT(A19," | ",B19) -> BUG-005 | Payment gateway timeout
A20: BUG-006 | B20: =OFFSET(Dataset!A5, 2, 14) -> Search returns wrong results | C20: =LEFT(B20,10) -> Search ret | D20: =RIGHT(B20,6) -> esults | E20: =MID(B20,5,4) -> ch r | F20: =UPPER(B20) -> SEARCH RETURNS WRONG RESULTS | G20: =LOWER(A20) -> bug-006 | H20: =TRIM(B20) -> Search returns wrong results | I20: =SUBSTITUTE(A20,"BUG","DEF") -> DEF-006 | J20: =_xlfn.CONCAT(A20," | ",B20) -> BUG-006 | Search returns wrong results
A21: BUG-007 | B21: =OFFSET(Dataset!A6, 2, 14) -> Report pagination broken | C21: =LEFT(B21,10) -> Report pag | D21: =RIGHT(B21,6) -> broken | E21: =MID(B21,5,4) -> rt p | F21: =UPPER(B21) -> REPORT PAGINATION BROKEN | G21: =LOWER(A21) -> bug-007 | H21: =TRIM(B21) -> Report pagination broken | I21: =SUBSTITUTE(A21,"BUG","DEF") -> DEF-007 | J21: =_xlfn.CONCAT(A21," | ",B21) -> BUG-007 | Report pagination broken
A22: BUG-008 | B22: =OFFSET(Dataset!A7, 2, 14) -> Password field asterisks missing | C22: =LEFT(B22,10) -> Password f | D22: =RIGHT(B22,6) -> issing | E22: =MID(B22,5,4) -> word | F22: =UPPER(B22) -> PASSWORD FIELD ASTERISKS MISSING | G22: =LOWER(A22) -> bug-008 | H22: =TRIM(B22) -> Password field asterisks missing | I22: =SUBSTITUTE(A22,"BUG","DEF") -> DEF-008 | J22: =_xlfn.CONCAT(A22," | ",B22) -> BUG-008 | Password field asterisks missing
A23: BUG-009 | B23: =OFFSET(Dataset!A8, 2, 14) -> Crash on dashboard open | C23: =LEFT(B23,10) -> Crash on d | D23: =RIGHT(B23,6) -> d open | E23: =MID(B23,5,4) -> h on | F23: =UPPER(B23) -> CRASH ON DASHBOARD OPEN | G23: =LOWER(A23) -> bug-009 | H23: =TRIM(B23) -> Crash on dashboard open | I23: =SUBSTITUTE(A23,"BUG","DEF") -> DEF-009 | J23: =_xlfn.CONCAT(A23," | ",B23) -> BUG-009 | Crash on dashboard open
A24: BUG-010 | B24: =OFFSET(Dataset!A9, 2, 14) -> Double charge on retry | C24: =LEFT(B24,10) -> Double cha | D24: =RIGHT(B24,6) -> retry | E24: =MID(B24,5,4) -> le c | F24: =UPPER(B24) -> DOUBLE CHARGE ON RETRY | G24: =LOWER(A24) -> bug-010 | H24: =TRIM(B24) -> Double charge on retry | I24: =SUBSTITUTE(A24,"BUG","DEF") -> DEF-010 | J24: =_xlfn.CONCAT(A24," | ",B24) -> BUG-010 | Double charge on retry
A25: BUG-011 | B25: =OFFSET(Dataset!A10, 2, 14) -> SSO redirect broken | C25: =LEFT(B25,10) -> SSO redire | D25: =RIGHT(B25,6) -> broken | E25: =MID(B25,5,4) -> redi | F25: =UPPER(B25) -> SSO REDIRECT BROKEN | G25: =LOWER(A25) -> bug-011 | H25: =TRIM(B25) -> SSO redirect broken | I25: =SUBSTITUTE(A25,"BUG","DEF") -> DEF-011 | J25: =_xlfn.CONCAT(A25," | ",B25) -> BUG-011 | SSO redirect broken

Sheet Validation_CondFormat
A1: VALIDATIONS & CONDITIONAL FORMATTING
A2: Bug_ID | B2: Severity (Dropdown) | C2: Status (Dropdown) | D2: Priority (Dropdown) | E2: Hours_Spent (1-20) | F2: Pass_Fail | G2: Severity_Color | H2: Status_Badge
A3: BUG-002 | B3: Critical | C3: Closed | D3: Medium | E3: 20 | F3: =IF(C3="Resolved","Pass","Fail") -> Fail
A4: BUG-003 | B4: Critical | C4: Resolved | D4: Medium | E4: 1 | F4: =IF(C4="Resolved","Pass","Fail") -> Pass
A5: BUG-004 | B5: Critical | C5: In Progress | D5: Medium | E5: 20 | F5: =IF(C5="Resolved","Pass","Fail") -> Fail
A6: BUG-005 | B6: Critical | C6: Closed | D6: Medium | E6: 20 | F6: =IF(C6="Resolved","Pass","Fail") -> Fail
A7: BUG-006 | B7: Critical | C7: Closed | D7: Medium | E7: 20 | F7: =IF(C7="Resolved","Pass","Fail") -> Fail
A8: BUG-007 | B8: Critical | C8: Closed | D8: Medium | E8: 20 | F8: =IF(C8="Resolved","Pass","Fail") -> Fail
A9: BUG-008 | B9: Critical | C9: Closed | D9: Medium | E9: 20 | F9: =IF(C9="Resolved","Pass","Fail") -> Fail
A10: BUG-009 | B10: Critical | C10: Closed | D10: Medium | E10: 20 | F10: =IF(C10="Resolved","Pass","Fail") -> Fail
A11: BUG-010 | B11: Critical | C11: Closed | D11: Medium | E11: 20 | F11: =IF(C11="Resolved","Pass","Fail") -> Fail
A12: BUG-011 | B12: Critical | C12: Closed | D12: Medium | E12: 20 | F12: =IF(C12="Resolved","Pass","Fail") -> Fail
A13: BUG-012 | B13: Critical | C13: Closed | D13: Medium | E13: 10 | F13: =IF(C13="Resolved","Pass","Fail") -> Fail
A14: BUG-013 | B14: Critical | C14: Closed | D14: Medium | E14: 20 | F14: =IF(C14="Resolved","Pass","Fail") -> Fail
... A22: BUG-020 | B22: Critical | C22: Closed | D22: Medium | E22: 20 | F22: =IF(C22="Resolved","Pass","Fail") -> Fail

Sheet AdvFilter_Sort
A1: ADVANCED FILTER, SORTING & SUMPRODUCT / FLOOR-CEILING
A2: Advanced Filter Criteria Range (copy to use):
A3: Severity | B3: Status | C3: Priority
A4: Critical | B4: Open | C4: High
A5: High | B5: Open | C5: Medium
A7: SUMPRODUCT & MATH FUNCTIONS – Aggregations on Bug Dataset
A8: Total Open Bugs (SUMPRODUCT) | B8: {=SUMPRODUCT((Dataset!F2:F21="Open")*1)} -> 8
A9: Total Hours - Critical Bugs | B9: {=SUMPRODUCT((Dataset!D2:D21="Critical")*1,(Dataset!K2:K21))} -> 42
A10: Count of Failures by Alice | B10: {=SUMPRODUCT((Dataset!G2:G21="Alice")*1,(Dataset!L2:L21))} -> 6
A11: FLOOR(avg hours to nearest 2) | B11: =FLOOR(AVERAGE(E21:E30),2) -> 6
A12: CEILING(avg hours to nearest 5) | B12: =CEILING(AVERAGE(E21:E30),5) -> 10
A13: MROUND(avg hours to nearest 3) | B13: =MROUND(AVERAGE(E21:E30),3) -> 6
A14: MOD(Total bugs / 3) remainder | B14: =MOD(COUNTA(Dataset!A2:A21),3) -> 2
A15: QUOTIENT(Total hours / bugs) | B15: =QUOTIENT(SUM(Dataset!K2:K21),COUNTA(Dataset!A2:A21)) -> 4
A16: Bugs in Beta project (SUMPRODUCT) | B16: {=SUMPRODUCT((Dataset!B2:B21="Beta")*1)} -> 7
A19: SORTING DEMO – Top 10 Bugs by Hours Spent (pre-sorted descending)
A20: Rank | B20: Bug_ID | C20: Project | D20: Severity | E20: Hours | F20: Status | G20: Pass/Fail
A21: 1 | B21: BUG-005 | C21: Alpha | D21: Critical | E21: 10 | F21: Resolved | G21: Pass
A22: 2 | B22: BUG-013 | C22: Beta | D22: Critical | E22: 9 | F22: Resolved | G22: Pass
A23: 3 | B23: BUG-017 | C23: Gamma | D23: Critical | E23: 8 | F23: Open | G23: Fail
A24: 4 | B24: BUG-001 | C24: Alpha | D24: Critical | E24: 8 | F24: Open | G24: Fail
A25: 5 | B25: BUG-009 | C25: Beta | D25: Critical | E25: 7 | F25: Open | G25: Fail
A26: 6 | B26: BUG-018 | C26: Alpha | D26: High | E26: 7 | F26: Resolved | G26: Pass
A27: 7 | B27: BUG-010 | C27: Beta | D27: High | E27: 6 | F27: Resolved | G27: Pass
A28: 8 | B28: BUG-014 | C28: Gamma | D28: High | E28: 5 | F28: Open | G28: Fail
A29: 9 | B29: BUG-002 | C29: Alpha | D29: High | E29: 5 | F29: Resolved | G29: Pass
A30: 10 | B30: BUG-006 | C30: Gamma | D30: High | E30: 4 | F30: Open | G30: Fail

Sheet Summarize_Outline
A1: SUMMARIZING DATA – SUBTOTALS, GROUPING & OUTLINE
A2: Project | B2: Module | C2: Bug_ID | D2: Severity | E2: Hours | F2: Status | G2: Pass_Fail
A3: Alpha | B3: Login | C3: BUG-001 | D3: Critical | E3: 8 | F3: Open | G3: Fail
A4: Alpha | B4: Login | C4: BUG-008 | D4: Low | E4: 2 | F4: Resolved | G4: Pass
A5: Alpha | B5: Dashboard | C5: BUG-002 | D5: High | E5: 5 | F5: Resolved | G5: Pass
A6: Alpha | B6: Payments | C6: BUG-005 | D6: Critical | E6: 10 | F6: Resolved | G6: Pass
A7: Alpha | B7: Payments | C7: BUG-018 | D7: High | E7: 7 | F7: Resolved | G7: Pass
C8: Alpha Subtotal | E8: =SUM(E3:E7) -> 32
A9: Beta | B9: Login | C9: BUG-004 | D9: Low | E9: 2 | F9: Closed | G9: Pass
A10: Beta | B10: Login | C10: BUG-016 | D10: Low | E10: 2 | F10: Resolved | G10: Pass
A11: Beta | B11: Dashboard | C11: BUG-009 | D11: Critical | E11: 7 | F11: Open | G11: Fail
A12: Beta | B12: Payments | C12: BUG-010 | D12: High | E12: 6 | F12: Resolved | G12: Pass
C13: Beta Subtotal | E13: =SUM(E9:E12) -> 17
A14: Gamma | B14: Search | C14: BUG-006 | D14: High | E14: 4 | F14: Open | G14: Fail
A15: Gamma | B15: Dashboard | C15: BUG-017 | D15: Critical | E15: 8 | F15: Open | G15: Fail
A16: Gamma | B16: Payments | C16: BUG-014 | D16: High | E16: 5 | F16: Open | G16: Fail
C17: Gamma Subtotal | E17: =SUM(E14:E16) -> 17
C18: GRAND TOTAL | E18: =SUM(E3:E16) -> 115
A21: SUBTOTAL Function Examples (function_num: 1=AVERAGE, 2=COUNT, 9=SUM, 3=COUNTA)
A22: Description | B22: Formula / Result
A23: SUBTOTAL SUM of Hours (visible rows only) | B23: =SUBTOTAL(9,E3:E17) -> 132
A24: SUBTOTAL COUNT of Bug IDs | B24: =SUBTOTAL(2,E3:E17) -> 15
A25: SUBTOTAL AVERAGE of Hours | B25: =SUBTOTAL(101,E3:E17) -> 8.8
A26: SUBTOTAL MAX of Hours | B26: =SUBTOTAL(4,E3:E17) -> 32

Sheet Protect_Import_Extra
A1: ERROR DEMO TABLE – Practice identifying and fixing each error type
A2: Error Type | B2: Broken Formula | C2: Fixed Formula | D2: Result
A3: DIV/0 Error | B3: Broken: 10 divided by 0 | C3: =IFERROR(10/0,"Cannot divide by 0") -> Cannot divide by 0
A4: N/A Error | B4: Broken: VLOOKUP BUG-999 not found | C4: =IFERROR(VLOOKUP("BUG-999",Dataset!A2:E21,5,FALSE),"Not Found") -> Not Found
A5: VALUE Error | B5: Broken: 10 plus text abc | C5: =IFERROR(10+"abc","Text Error") -> Text Error
A6: REF Error | B6: Broken: reference to deleted cell

Sheet Hyper_DataLinking
A1: HYPERLINKS & DATA LINKING – Within Sheet / Workbook / External
A2: Description | B2: Link/Formula | C2: Type | D2: Notes
A3: Jump to Dataset Sheet | B3: =HYPERLINK("#Dataset!A1","Go to DataSet") -> Go to DataSet | C3: Within Workbook | D3: Click to navigate to Dataset tab
A4: Jump to Charts Sheet | B4: =HYPERLINK("#Charts!$A$2","Go to charts") -> Go to charts | C4: Within Workbook
A5: Anthropic Website | B5: =HYPERLINK("https://www.youtube.com/","Go to Youtube") -> Go to Youtube | C5: External URL | D5: Opens browser
A6: Email a Bug Report | B6: =HYPERLINK("mailto:2k22cse060@kiot.ac.in","Mail") -> Mail | C6: Email | D6: Opens mail client
A7: Pull Project from Dataset | B7: =HYPERLINK(Dataset!A2) -> BUG-001 | C7: Cross-sheet Reference | D7: Live link - changes if Dataset changes
A8: Pull Severity for BUG-005 | B8: =HYPERLINK(Dataset!D6) -> Critical | C8: Cross-sheet Reference | D8: Row 6 = BUG-005
A9: Concat Bug detail | B9: =HYPERLINK(Dataset!A2&Dataset!B2&Dataset!D2,"Open") -> Open | C9: Formula Link | D9: Combines Bug_ID + Project + Severity
A10: Count linked bugs | C10: Formula Link | D10: Counts all bugs in Dataset
