Workbook

Sheet Dataset
A1: Software Bug Tracker – QA Training Dataset
A2: Bug ID | B2: Module | C2: Tester | D2: Priority | E2: Status | F2: Reported Date | G2: Resolved Date | H2: Days Open | I2: Test Cases Run | J2: Test Cases Passed | K2: Test Cases Failed | L2: Remarks
A3: BUG001 | B3: Login | C3: Alice | D3: High | E3: Open | F3: 2024-01-05 | H3: =IF(G3<>"",INT(G3-F3),INT(TODAY()-F3)) -> 896 | I3: 10 | J3: 8 | K3: 2 | L3: Blocking issue
A4: BUG002 | B4: Dashboard | C4: Bob | D4: Medium | E4: Closed | F4: 2024-01-06 | G4: 2024-01-10 | H4: =IF(G4<>"",INT(G4-F4),INT(TODAY()-F4)) -> 4 | I4: 20 | J4: 18 | K4: 2 | L4: UI glitch
A5: BUG003 | B5: Reports | C5: Alice | D5: Low | E5: Open | F5: 2024-01-07 | H5: =IF(G5<>"",INT(G5-F5),INT(TODAY()-F5)) -> 894 | I5: 15 | J5: 15 | K5: 0 | L5: Minor
A6: BUG004 | B6: Login | C6: Charlie | D6: High | E6: Closed | F6: 2024-01-08 | G6: 2024-01-09 | H6: =IF(G6<>"",INT(G6-F6),INT(TODAY()-F6)) -> 1 | I6: 12 | J6: 10 | K6: 2 | L6: Auth fail
A7: BUG005 | B7: Payments | C7: Bob | D7: Critical | E7: Open | F7: 2024-01-10 | H7: =IF(G7<>"",INT(G7-F7),INT(TODAY()-F7)) -> 891 | I7: 8 | J7: 5 | K7: 3 | L7: Data loss risk
A8: BUG006 | B8: Dashboard | C8: Alice | D8: Medium | E8: Closed | F8: 2024-01-11 | G8: 2024-01-15 | H8: =IF(G8<>"",INT(G8-F8),INT(TODAY()-F8)) -> 4 | I8: 18 | J8: 16 | K8: 2 | L8: Layout break
A9: BUG007 | B9: Reports | C9: Charlie | D9: Low | E9: Open | F9: 2024-01-12 | H9: =IF(G9<>"",INT(G9-F9),INT(TODAY()-F9)) -> 889 | I9: 22 | J9: 20 | K9: 2 | L9: Export issue
A10: BUG008 | B10: Payments | C10: Alice | D10: Critical | E10: Closed | F10: 2024-01-13 | G10: 2024-01-14 | H10: =IF(G10<>"",INT(G10-F10),INT(TODAY()-F10)) -> 1 | I10: 9 | J10: 7 | K10: 2 | L10: Security patch
A11: BUG009 | B11: Login | C11: Bob | D11: High | E11: Open | F11: 2024-01-15 | H11: =IF(G11<>"",INT(G11-F11),INT(TODAY()-F11)) -> 886 | I11: 11 | J11: 9 | K11: 2 | L11: Session bug
A12: BUG010 | B12: Dashboard | C12: Charlie | D12: Medium | E12: Closed | F12: 2024-01-16 | G12: 2024-01-20 | H12: =IF(G12<>"",INT(G12-F12),INT(TODAY()-F12)) -> 4 | I12: 16 | J12: 14 | K12: 2 | L12: Chart error
A13: BUG011 | B13: Reports | C13: Alice | D13: Low | E13: Closed | F13: 2024-01-17 | G13: 2024-01-22 | H13: =IF(G13<>"",INT(G13-F13),INT(TODAY()-F13)) -> 5 | I13: 14 | J13: 14 | K13: 0 | L13: Fixed
A14: BUG012 | B14: Payments | C14: Bob | D14: Critical | E14: Open | F14: 2024-01-18 | H14: =IF(G14<>"",INT(G14-F14),INT(TODAY()-F14)) -> 883 | I14: 7 | J14: 4 | K14: 3 | L14: Payment fail
A15: BUG013 | B15: Login | C15: Charlie | D15: High | E15: Closed | F15: 2024-01-19 | G15: 2024-01-21 | H15: =IF(G15<>"",INT(G15-F15),INT(TODAY()-F15)) -> 2 | I15: 13 | J15: 11 | K15: 2 | L15: OTP bug
A16: BUG014 | B16: Dashboard | C16: Alice | D16: Medium | E16: Open | F16: 2024-01-20 | H16: =IF(G16<>"",INT(G16-F16),INT(TODAY()-F16)) -> 881 | I16: 17 | J16: 15 | K16: 2 | L16: Render issue
A17: BUG015 | B17: Reports | C17: Bob | D17: Low | E17: Open | F17: 2024-01-21 | H17: =IF(G17<>"",INT(G17-F17),INT(TODAY()-F17)) -> 880 | I17: 21 | J17: 19 | K17: 2 | L17: PDF export
A18: BUG016 | B18: Payments | C18: Charlie | D18: Critical | E18: Closed | F18: 2024-01-22 | G18: 2024-01-25 | H18: =IF(G18<>"",INT(G18-F18),INT(TODAY()-F18)) -> 3 | I18: 6 | J18: 5 | K18: 1 | L18: Gateway fix
A19: BUG017 | B19: Login | C19: Alice | D19: High | E19: Open | F19: 2024-01-23 | H19: =IF(G19<>"",INT(G19-F19),INT(TODAY()-F19)) -> 878 | I19: 10 | J19: 7 | K19: 3 | L19: Timeout
A20: BUG018 | B20: Dashboard | C20: Bob | D20: Medium | E20: Closed | F20: 2024-01-24 | G20: 2024-01-28 | H20: =IF(G20<>"",INT(G20-F20),INT(TODAY()-F20)) -> 4 | I20: 15 | J20: 13 | K20: 2 | L20: UI
A21: BUG019 | B21: Reports | C21: Charlie | D21: Low | E21: Closed | F21: 2024-01-25 | G21: 2024-01-29 | H21: =IF(G21<>"",INT(G21-F21),INT(TODAY()-F21)) -> 4 | I21: 12 | J21: 12 | K21: 0 | L21: Resolved
A22: BUG020 | B22: Payments | C22: Alice | D22: Critical | E22: Open | F22: 2024-01-26 | H22: =IF(G22<>"",INT(G22-F22),INT(TODAY()-F22)) -> 875 | I22: 8 | J22: 3 | K22: 5 | L22: Amount mismatch

Sheet Validations
A1: Validations – Drop-Down, Error Alerts & Conditional Formatting
A2: Bug ID | B2: Module | C2: Priority | D2: Status | E2: Test Cases Run | F2: Test Cases Passed | G2: Pass %
A3: BUG001 | B3: Login | C3: =INDEX(Dataset!$D:$D,MATCH(A3,Dataset!$A:$A,0)) -> High | D3: =INDEX(Dataset!$E:$E,MATCH(A3,Dataset!$A:$A,0)) -> Open | E3: 10 | F3: 8 | G3: =IFERROR(F3/E3,0) -> 0.8
A4: BUG002 | B4: Dashboard | C4: =INDEX(Dataset!$D:$D,MATCH(A4,Dataset!$A:$A,0)) -> Medium | D4: =INDEX(Dataset!$E:$E,MATCH(A4,Dataset!$A:$A,0)) -> Closed | E4: 20 | F4: 18 | G4: =IFERROR(F4/E4,0) -> 0.9
A5: BUG003 | B5: Reports | C5: =INDEX(Dataset!$D:$D,MATCH(A5,Dataset!$A:$A,0)) -> Low | D5: =INDEX(Dataset!$E:$E,MATCH(A5,Dataset!$A:$A,0)) -> Open | E5: 15 | F5: 15 | G5: =IFERROR(F5/E5,0) -> 1
A6: BUG004 | B6: Login | C6: =INDEX(Dataset!$D:$D,MATCH(A6,Dataset!$A:$A,0)) -> High | D6: =INDEX(Dataset!$E:$E,MATCH(A6,Dataset!$A:$A,0)) -> Closed | E6: 12 | F6: 10 | G6: =IFERROR(F6/E6,0) -> 0.83333333
A7: BUG005 | B7: Payments | C7: =INDEX(Dataset!$D:$D,MATCH(A7,Dataset!$A:$A,0)) -> Critical | D7: =INDEX(Dataset!$E:$E,MATCH(A7,Dataset!$A:$A,0)) -> Open | E7: 8 | F7: 5 | G7: =IFERROR(F7/E7,0) -> 0.625
A8: BUG006 | B8: Dashboard | C8: =INDEX(Dataset!$D:$D,MATCH(A8,Dataset!$A:$A,0)) -> Medium | D8: =INDEX(Dataset!$E:$E,MATCH(A8,Dataset!$A:$A,0)) -> Closed | E8: 18 | F8: 16 | G8: =IFERROR(F8/E8,0) -> 0.88888889
A9: BUG007 | B9: Reports | C9: =INDEX(Dataset!$D:$D,MATCH(A9,Dataset!$A:$A,0)) -> Low | D9: =INDEX(Dataset!$E:$E,MATCH(A9,Dataset!$A:$A,0)) -> Open | E9: 22 | F9: 20 | G9: =IFERROR(F9/E9,0) -> 0.90909091
A10: BUG008 | B10: Payments | C10: =INDEX(Dataset!$D:$D,MATCH(A10,Dataset!$A:$A,0)) -> Critical | D10: =INDEX(Dataset!$E:$E,MATCH(A10,Dataset!$A:$A,0)) -> Closed | E10: 9 | F10: 7 | G10: =IFERROR(F10/E10,0) -> 0.77777778
A11: BUG009 | B11: Login | C11: =INDEX(Dataset!$D:$D,MATCH(A11,Dataset!$A:$A,0)) -> High | D11: =INDEX(Dataset!$E:$E,MATCH(A11,Dataset!$A:$A,0)) -> Open | E11: 11 | F11: 9 | G11: =IFERROR(F11/E11,0) -> 0.81818182
A12: BUG010 | B12: Dashboard | C12: =INDEX(Dataset!$D:$D,MATCH(A12,Dataset!$A:$A,0)) -> Medium | D12: =INDEX(Dataset!$E:$E,MATCH(A12,Dataset!$A:$A,0)) -> Closed | E12: 16 | F12: 14 | G12: =IFERROR(F12/E12,0) -> 0.875
A13: BUG011 | B13: Reports | C13: =INDEX(Dataset!$D:$D,MATCH(A13,Dataset!$A:$A,0)) -> Low | D13: =INDEX(Dataset!$E:$E,MATCH(A13,Dataset!$A:$A,0)) -> Closed | E13: 14 | F13: 14 | G13: =IFERROR(F13/E13,0) -> 1
A14: BUG012 | B14: Payments | C14: =INDEX(Dataset!$D:$D,MATCH(A14,Dataset!$A:$A,0)) -> Critical | D14: =INDEX(Dataset!$E:$E,MATCH(A14,Dataset!$A:$A,0)) -> Open | E14: 7 | F14: 4 | G14: =IFERROR(F14/E14,0) -> 0.57142857
... A22: BUG020 | B22: Payments | C22: =INDEX(Dataset!$D:$D,MATCH(A22,Dataset!$A:$A,0)) -> Critical | D22: =INDEX(Dataset!$E:$E,MATCH(A22,Dataset!$A:$A,0)) -> Open | E22: 8 | F22: 3 | G22: =IFERROR(F22/E22,0) -> 0.375

Sheet Advanced Filter
A1: Advanced Filter – Criteria & Results
A2: Bug ID | B2: Module | C2: Tester | D2: Priority | E2: Status | F2: Reported Date | G2: Resolved Date | H2: Days Open | I2: Test Cases Run | J2: Test Cases Passed | K2: Test Cases Failed | L2: Remarks
A3: BUG001 | B3: Login | C3: Alice | D3: High | E3: Open | F3: 2024-01-05 | H3: =IF(G3<>"",INT(G3-F3),INT(TODAY()-F3)) -> 896 | I3: 10 | J3: 8 | K3: 2 | L3: Blocking issue
A4: BUG002 | B4: Dashboard | C4: Bob | D4: Medium | E4: Closed | F4: 2024-01-06 | G4: 2024-01-10 | H4: =IF(G4<>"",INT(G4-F4),INT(TODAY()-F4)) -> 4 | I4: 20 | J4: 18 | K4: 2 | L4: UI glitch
A5: BUG003 | B5: Reports | C5: Alice | D5: Low | E5: Open | F5: 2024-01-07 | H5: =IF(G5<>"",INT(G5-F5),INT(TODAY()-F5)) -> 894 | I5: 15 | J5: 15 | K5: 0 | L5: Minor
A6: BUG004 | B6: Login | C6: Charlie | D6: High | E6: Closed | F6: 2024-01-08 | G6: 2024-01-09 | H6: =IF(G6<>"",INT(G6-F6),INT(TODAY()-F6)) -> 1 | I6: 12 | J6: 10 | K6: 2 | L6: Auth fail
A7: BUG005 | B7: Payments | C7: Bob | D7: Critical | E7: Open | F7: 2024-01-10 | H7: =IF(G7<>"",INT(G7-F7),INT(TODAY()-F7)) -> 891 | I7: 8 | J7: 5 | K7: 3 | L7: Data loss risk
A8: BUG006 | B8: Dashboard | C8: Alice | D8: Medium | E8: Closed | F8: 2024-01-11 | G8: 2024-01-15 | H8: =IF(G8<>"",INT(G8-F8),INT(TODAY()-F8)) -> 4 | I8: 18 | J8: 16 | K8: 2 | L8: Layout break
A9: BUG007 | B9: Reports | C9: Charlie | D9: Low | E9: Open | F9: 2024-01-12 | H9: =IF(G9<>"",INT(G9-F9),INT(TODAY()-F9)) -> 889 | I9: 22 | J9: 20 | K9: 2 | L9: Export issue
A10: BUG008 | B10: Payments | C10: Alice | D10: Critical | E10: Closed | F10: 2024-01-13 | G10: 2024-01-14 | H10: =IF(G10<>"",INT(G10-F10),INT(TODAY()-F10)) -> 1 | I10: 9 | J10: 7 | K10: 2 | L10: Security patch
A11: BUG009 | B11: Login | C11: Bob | D11: High | E11: Open | F11: 2024-01-15 | H11: =IF(G11<>"",INT(G11-F11),INT(TODAY()-F11)) -> 886 | I11: 11 | J11: 9 | K11: 2 | L11: Session bug
A12: BUG010 | B12: Dashboard | C12: Charlie | D12: Medium | E12: Closed | F12: 2024-01-16 | G12: 2024-01-20 | H12: =IF(G12<>"",INT(G12-F12),INT(TODAY()-F12)) -> 4 | I12: 16 | J12: 14 | K12: 2 | L12: Chart error
A13: BUG011 | B13: Reports | C13: Alice | D13: Low | E13: Closed | F13: 2024-01-17 | G13: 2024-01-22 | H13: =IF(G13<>"",INT(G13-F13),INT(TODAY()-F13)) -> 5 | I13: 14 | J13: 14 | K13: 0 | L13: Fixed
A14: BUG012 | B14: Payments | C14: Bob | D14: Critical | E14: Open | F14: 2024-01-18 | H14: =IF(G14<>"",INT(G14-F14),INT(TODAY()-F14)) -> 883 | I14: 7 | J14: 4 | K14: 3 | L14: Payment fail
A15: BUG013 | B15: Login | C15: Charlie | D15: High | E15: Closed | F15: 2024-01-19 | G15: 2024-01-21 | H15: =IF(G15<>"",INT(G15-F15),INT(TODAY()-F15)) -> 2 | I15: 13 | J15: 11 | K15: 2 | L15: OTP bug
A16: BUG014 | B16: Dashboard | C16: Alice | D16: Medium | E16: Open | F16: 2024-01-20 | H16: =IF(G16<>"",INT(G16-F16),INT(TODAY()-F16)) -> 881 | I16: 17 | J16: 15 | K16: 2 | L16: Render issue
A17: BUG015 | B17: Reports | C17: Bob | D17: Low | E17: Open | F17: 2024-01-21 | H17: =IF(G17<>"",INT(G17-F17),INT(TODAY()-F17)) -> 880 | I17: 21 | J17: 19 | K17: 2 | L17: PDF export
A18: BUG016 | B18: Payments | C18: Charlie | D18: Critical | E18: Closed | F18: 2024-01-22 | G18: 2024-01-25 | H18: =IF(G18<>"",INT(G18-F18),INT(TODAY()-F18)) -> 3 | I18: 6 | J18: 5 | K18: 1 | L18: Gateway fix
A19: BUG017 | B19: Login | C19: Alice | D19: High | E19: Open | F19: 2024-01-23 | H19: =IF(G19<>"",INT(G19-F19),INT(TODAY()-F19)) -> 878 | I19: 10 | J19: 7 | K19: 3 | L19: Timeout
A20: BUG018 | B20: Dashboard | C20: Bob | D20: Medium | E20: Closed | F20: 2024-01-24 | G20: 2024-01-28 | H20: =IF(G20<>"",INT(G20-F20),INT(TODAY()-F20)) -> 4 | I20: 15 | J20: 13 | K20: 2 | L20: UI
A21: BUG019 | B21: Reports | C21: Charlie | D21: Low | E21: Closed | F21: 2024-01-25 | G21: 2024-01-29 | H21: =IF(G21<>"",INT(G21-F21),INT(TODAY()-F21)) -> 4 | I21: 12 | J21: 12 | K21: 0 | L21: Resolved
A22: BUG020 | B22: Payments | C22: Alice | D22: Critical | E22: Open | F22: 2024-01-26 | H22: =IF(G22<>"",INT(G22-F22),INT(TODAY()-F22)) -> 875 | I22: 8 | J22: 3 | K22: 5 | L22: Amount mismatch
A25: ▶ Criteria Area (Advanced Filter – filter Critical + Open bugs)
A26: Priority | B26: Status
A27: Critical | B27: Open
A30: ▶ Formula Criteria: Days Open > 10 (use =H3>10 in criteria)
A31: Days Open >10
A32: =H3>10 -> TRUE
A34: ▶ Extracted Results (Priority = Critical AND Status = Open)
A35: Bug ID | B35: Module | C35: Tester | D35: Priority | E35: Status | F35: Reported Date | G35: Resolved Date | H35: Days Open | I35: Test Cases Run | J35: Test Cases Passed | K35: Test Cases Failed | L35: Remarks
A36: =INDEX(Dataset!$A:$A,MATCH("BUG005",Dataset!$A:$A,0)) -> BUG005 | B36: =IFERROR(INDEX(Dataset!$B:$B,MATCH("BUG005",Dataset!$A:$A,0)),"") -> Payments | C36: =IFERROR(INDEX(Dataset!$C:$C,MATCH("BUG005",Dataset!$A:$A,0)),"") -> Bob | D36: =IFERROR(INDEX(Dataset!$D:$D,MATCH("BUG005",Dataset!$A:$A,0)),"") -> Critical | E36: =IFERROR(INDEX(Dataset!$E:$E,MATCH("BUG005",Dataset!$A:$A,0)),"") -> Open | F36: =IFERROR(INDEX(Dataset!$F:$F,MATCH("BUG005",Dataset!$A:$A,0)),"") -> 2024-01-10 | G36: =IF(INDEX(Dataset!$G:$G,MATCH("BUG005",Dataset!$A:$A,0))="","",INDEX(Dataset!$G:$G,MATCH("BUG005",Dataset!$A:$A,0))) | H36: =IFERROR(INDEX(Dataset!$H:$H,MATCH("BUG005",Dataset!$A:$A,0)),"") -> 891 | I36: =IFERROR(INDEX(Dataset!$I:$I,MATCH("BUG005",Dataset!$A:$A,0)),"") -> 8 | J36: =IFERROR(INDEX(Dataset!$J:$J,MATCH("BUG005",Dataset!$A:$A,0)),"") -> 5 | K36: =IFERROR(INDEX(Dataset!$K:$K,MATCH("BUG005",Dataset!$A:$A,0)),"") -> 3 | L36: =IFERROR(INDEX(Dataset!$L:$L,MATCH("BUG005",Dataset!$A:$A,0)),"") -> Data loss risk
A37: =INDEX(Dataset!$A:$A,MATCH("BUG012",Dataset!$A:$A,0)) -> BUG012 | B37: =IFERROR(INDEX(Dataset!$B:$B,MATCH("BUG012",Dataset!$A:$A,0)),"") -> Payments | C37: =IFERROR(INDEX(Dataset!$C:$C,MATCH("BUG012",Dataset!$A:$A,0)),"") -> Bob | D37: =IFERROR(INDEX(Dataset!$D:$D,MATCH("BUG012",Dataset!$A:$A,0)),"") -> Critical | E37: =IFERROR(INDEX(Dataset!$E:$E,MATCH("BUG012",Dataset!$A:$A,0)),"") -> Open | F37: =IFERROR(INDEX(Dataset!$F:$F,MATCH("BUG012",Dataset!$A:$A,0)),"") -> 2024-01-18 | G37: =IF(INDEX(Dataset!$G:$G,MATCH("BUG012",Dataset!$A:$A,0))="","",INDEX(Dataset!$G:$G,MATCH("BUG012",Dataset!$A:$A,0))) | H37: =IFERROR(INDEX(Dataset!$H:$H,MATCH("BUG012",Dataset!$A:$A,0)),"") -> 883 | I37: =IFERROR(INDEX(Dataset!$I:$I,MATCH("BUG012",Dataset!$A:$A,0)),"") -> 7 | J37: =IFERROR(INDEX(Dataset!$J:$J,MATCH("BUG012",Dataset!$A:$A,0)),"") -> 4 | K37: =IFERROR(INDEX(Dataset!$K:$K,MATCH("BUG012",Dataset!$A:$A,0)),"") -> 3 | L37: =IFERROR(INDEX(Dataset!$L:$L,MATCH("BUG012",Dataset!$A:$A,0)),"") -> Payment fail
A38: =INDEX(Dataset!$A:$A,MATCH("BUG020",Dataset!$A:$A,0)) -> BUG020 | B38: =IFERROR(INDEX(Dataset!$B:$B,MATCH("BUG020",Dataset!$A:$A,0)),"") -> Payments | C38: =IFERROR(INDEX(Dataset!$C:$C,MATCH("BUG020",Dataset!$A:$A,0)),"") -> Alice | D38: =IFERROR(INDEX(Dataset!$D:$D,MATCH("BUG020",Dataset!$A:$A,0)),"") -> Critical | E38: =IFERROR(INDEX(Dataset!$E:$E,MATCH("BUG020",Dataset!$A:$A,0)),"") -> Open | F38: =IFERROR(INDEX(Dataset!$F:$F,MATCH("BUG020",Dataset!$A:$A,0)),"") -> 2024-01-26 | G38: =IF(INDEX(Dataset!$G:$G,MATCH("BUG020",Dataset!$A:$A,0))="","",INDEX(Dataset!$G:$G,MATCH("BUG020",Dataset!$A:$A,0))) | H38: =IFERROR(INDEX(Dataset!$H:$H,MATCH("BUG020",Dataset!$A:$A,0)),"") -> 875 | I38: =IFERROR(INDEX(Dataset!$I:$I,MATCH("BUG020",Dataset!$A:$A,0)),"") -> 8 | J38: =IFERROR(INDEX(Dataset!$J:$J,MATCH("BUG020",Dataset!$A:$A,0)),"") -> 3 | K38: =IFERROR(INDEX(Dataset!$K:$K,MATCH("BUG020",Dataset!$A:$A,0)),"") -> 5 | L38: =IFERROR(INDEX(Dataset!$L:$L,MATCH("BUG020",Dataset!$A:$A,0)),"") -> Amount mismatch
A40: Note: In Excel, use Data → Advanced → Copy to another location, with the criteria range A26:B27, to regenerate this extract automatically.

Sheet Advanced Sorting
A1: Advanced Sorting – Custom Lists & Multi-Level Sort
A2: Bug ID | B2: Module | C2: Priority | D2: Status | E2: Tester | F2: Days Open | G2: Sort Order (Priority) | H2: Custom Sort Explanation
A3: BUG005 | B3: Payments | C3: Critical | D3: Open | E3: Bob | F3: =RANDBETWEEN(1,30) -> 9 | G3: =IF(C3="Critical",1,IF(C3="High",2,IF(C3="Medium",3,4))) -> 1 | H3: Data sorted: Critical→High→Medium→Low, then A→Z by Module
A4: BUG008 | B4: Payments | C4: Critical | D4: Closed | E4: Alice | F4: =RANDBETWEEN(1,30) -> 2 | G4: =IF(C4="Critical",1,IF(C4="High",2,IF(C4="Medium",3,4))) -> 1
A5: BUG012 | B5: Payments | C5: Critical | D5: Open | E5: Bob | F5: =RANDBETWEEN(1,30) -> 28 | G5: =IF(C5="Critical",1,IF(C5="High",2,IF(C5="Medium",3,4))) -> 1
A6: BUG016 | B6: Payments | C6: Critical | D6: Closed | E6: Charlie | F6: =RANDBETWEEN(1,30) -> 28 | G6: =IF(C6="Critical",1,IF(C6="High",2,IF(C6="Medium",3,4))) -> 1
A7: BUG020 | B7: Payments | C7: Critical | D7: Open | E7: Alice | F7: =RANDBETWEEN(1,30) -> 4 | G7: =IF(C7="Critical",1,IF(C7="High",2,IF(C7="Medium",3,4))) -> 1
A8: BUG001 | B8: Login | C8: High | D8: Open | E8: Alice | F8: =RANDBETWEEN(1,30) -> 25 | G8: =IF(C8="Critical",1,IF(C8="High",2,IF(C8="Medium",3,4))) -> 2
A9: BUG004 | B9: Login | C9: High | D9: Closed | E9: Charlie | F9: =RANDBETWEEN(1,30) -> 23 | G9: =IF(C9="Critical",1,IF(C9="High",2,IF(C9="Medium",3,4))) -> 2
A10: BUG009 | B10: Login | C10: High | D10: Open | E10: Bob | F10: =RANDBETWEEN(1,30) -> 4 | G10: =IF(C10="Critical",1,IF(C10="High",2,IF(C10="Medium",3,4))) -> 2
A11: BUG013 | B11: Login | C11: High | D11: Closed | E11: Charlie | F11: =RANDBETWEEN(1,30) -> 27 | G11: =IF(C11="Critical",1,IF(C11="High",2,IF(C11="Medium",3,4))) -> 2
A12: BUG017 | B12: Login | C12: High | D12: Open | E12: Alice | F12: =RANDBETWEEN(1,30) -> 8 | G12: =IF(C12="Critical",1,IF(C12="High",2,IF(C12="Medium",3,4))) -> 2
A13: BUG002 | B13: Dashboard | C13: Medium | D13: Closed | E13: Bob | F13: =RANDBETWEEN(1,30) -> 24 | G13: =IF(C13="Critical",1,IF(C13="High",2,IF(C13="Medium",3,4))) -> 3
A14: BUG006 | B14: Dashboard | C14: Medium | D14: Closed | E14: Alice | F14: =RANDBETWEEN(1,30) -> 5 | G14: =IF(C14="Critical",1,IF(C14="High",2,IF(C14="Medium",3,4))) -> 3
A15: BUG010 | B15: Dashboard | C15: Medium | D15: Closed | E15: Charlie | F15: =RANDBETWEEN(1,30) -> 20 | G15: =IF(C15="Critical",1,IF(C15="High",2,IF(C15="Medium",3,4))) -> 3
... A22: BUG019 | B22: Reports | C22: Low | D22: Closed | E22: Charlie | F22: =RANDBETWEEN(1,30) -> 3 | G22: =IF(C22="Critical",1,IF(C22="High",2,IF(C22="Medium",3,4))) -> 4
A26: Custom List Order used: Critical > High > Medium > Low
A27: Steps: Data → Sort → Add Level → Sort by Priority → Order: Custom List

Sheet Hyper Data Linking
A1: Hyper / Data Linking – Within Sheet, Between Sheets & External
A3: Type | B3: Link / Formula | C3: Value Pulled | D3: Notes
A4: Within-Sheet Hyperlink | B4: =HYPERLINK("#'Hyper Data Linking'!A16","Jump to anchor below") -> Jump to anchor below | C4: Click to navigate | D4: Navigates within same sheet
A5: External Link Example | B5: =HYPERLINK("https://www.google.com","Open Google") -> Open Google | C5: Click link | D5: Links to external website
A6: Between-Sheets Hyperlink | B6: =HYPERLINK("#Dataset!A1","Go to Dataset sheet") -> Go to Dataset sheet | C6: Click to navigate | D6: Navigates to a different sheet
A7: Cross-Sheet Data Pull | B7: =Dataset!B3&" - "&Dataset!C3 -> Login - Alice | C7: Live value from Dataset | D7: Updates automatically if Dataset changes
A8: Email Link | B8: =HYPERLINK("mailto:qa-lead@example.com?subject=Bug%20Tracker%20Query","Email QA Lead") -> Email QA Lead | C8: Click to email | D8: Opens default mail client
A16: ← Hyperlink lands here (Row 20)

Sheet Math Trig Functions
A1: Math & Trig Functions – SUMPRODUCT, FLOOR, CEILING, MROUND, MOD, QUOTIENT
A2: Function | B2: Formula Used | C2: Result | D2: Description | E2: Example Value
A3: SUMPRODUCT | B3: =IFERROR(SUMPRODUCT(--Dataset!J3:J22)/SUMPRODUCT(--Dataset!I3:I22),0) -> 0.85227273 | C3: =B3 -> 0.85227273 | D3: Weighted avg pass rate across all bugs
A4: SUM | B4: =SUMPRODUCT(--Dataset!I3:I22) -> 264 | C4: =B4 -> 264 | D4: Total test cases run
A5: FLOOR | B5: =FLOOR(87.6,5) -> 85 | C5: =B5 -> 85 | D5: Round DOWN to nearest 5 | E5: 87.6
A6: CEILING | B6: =CEILING(87.6,5) -> 90 | C6: =B6 -> 90 | D6: Round UP to nearest 5 | E6: 87.6
A7: MROUND | B7: =MROUND(87.6,5) -> 90 | C7: =B7 -> 90 | D7: Round to nearest multiple of 5 | E7: 87.6
A8: MOD | B8: =MOD(22,5) -> 2 | C8: =B8 -> 2 | D8: Remainder of 22÷5 | E8: 22
A9: QUOTIENT | B9: =QUOTIENT(22,5) -> 4 | C9: =B9 -> 4 | D9: Integer part of 22÷5 | E9: 22
A10: MOD (Bug Check) | B10: =MOD(ROW()-2,2) -> 0 | C10: =B10 -> 0 | D10: Odd/Even row check (used in alt-row formatting)
A11: SUMPRODUCT (Critical bugs score) | B11: =SUMPRODUCT((Dataset!D3:D22="Critical")*1,--Dataset!K3:K22) -> 14 | C11: =B11 -> 14 | D11: Total failed TCs for Critical bugs

Sheet Extra
A1: Extra Topics – Errors, CONCATENATE, Text to Columns, VBA, Gridlines, Chart
A3: A. Common Excel Errors
A4: Error | B4: Trigger Formula (Demo) | C4: What It Means | D4: How to Fix
A5: DIV/0 error | B5: =1/0 causes this | C5: Fix: =IFERROR(1/0,0) | D5: Division by zero
A6: NULL error | B6: =SUM(A1 B1) causes this | C6: Fix: =SUM(A1,B1) | D6: Bad range operator
A7: N/A error | B7: VLOOKUP no match causes this | C7: Fix: wrap with IFERROR | D7: Lookup value not found
A8: #ERR | B8: Generic syntax error | C8: Fix: check formula spelling | D8: Typo in function
A9: REF error | B9: Deleting ref cell causes this | C9: Fix: re-enter valid ref | D9: Deleted cell reference
A10: VALUE error | B10: =1+text causes this | C10: Fix: ensure numeric input | D10: Wrong data type
A11: NAME error | B11: =SUMO(A1) typo causes this | C11: Fix: =SUM(A1) | D11: Unrecognised function
A14: B. CONCATENATE / CONCAT / & Operator
A15: Bug ID | B15: Module | C15: Priority | D15: Concatenated Label
A16: BUG001 | B16: Login | C16: High | D16: =A16&" | "&B16&" | "&C16 -> BUG001 | Login | High
A17: BUG002 | B17: Dashboard | C17: Medium | D17: =A17&" | "&B17&" | "&C17 -> BUG002 | Dashboard | Medium
A18: BUG003 | B18: Reports | C18: Low | D18: =A18&" | "&B18&" | "&C18 -> BUG003 | Reports | Low
A19: BUG004 | B19: Login | C19: High | D19: =A19&" | "&B19&" | "&C19 -> BUG004 | Login | High
A20: BUG005 | B20: Payments | C20: Critical | D20: =A20&" | "&B20&" | "&C20 -> BUG005 | Payments | Critical
A23: C. Text to Columns (Delimiter Demo)
A24: Original Text | B24: Split Part 1 | C24: Split Part 2 | D24: Split Part 3
A25: BUG001-Login-High | B25: =LEFT(A25,FIND("-",A25)-1) -> BUG001 | C25: =MID(A25,FIND("-",A25)+1,FIND("-",A25,FIND("-",A25)+1)-FIND("-",A25)-1) -> Login | D25: =TRIM(RIGHT(A25,LEN(A25)-FIND("-",A25,FIND("-",A25)+1))) -> High
A26: Note: Data → Text to Columns (Delimited by "-") performs this split natively without formulas.
A28: D. Gridlines
A29: Note: Toggle via View tab → uncheck Gridlines, or Page Layout → Sheet Options → Gridlines → View.
A31: E. Chart Demo
A32: Priority | B32: Count
A33: Critical | B33: =COUNTIF(Dataset!$D:$D,"Critical") -> 5
A34: High | B34: =COUNTIF(Dataset!$D:$D,"High") -> 5
A35: Medium | B35: =COUNTIF(Dataset!$D:$D,"Medium") -> 5
A36: Low | B36: =COUNTIF(Dataset!$D:$D,"Low") -> 5
